{"links": [
{
	"localIP": "172.19.143.0",
	"remoteIP": "172.19.62.0",
	"validityTime": 36593,
	"linkQuality": 1.000,
	"neighborLinkQuality": 1.000,
	"linkCost": 1024}]
,
	"neighbors": [
{
	"ipv4Address": "172.19.62.0",
	"symmetric": true,
	"multiPointRelay": true,
	"multiPointRelaySelector": false,
	"willingness": 3,
	"twoHopNeighbors": ["172.19.62.1", "172.19.192.1", "10.150.22.1"],
	"twoHopNeighborCount": 3}]
,
	"topology": [
{
	"destinationIP": "172.19.143.0",
	"lastHopIP": "172.19.62.0",
	"linkQuality": 1.000,
	"neighborLinkQuality": 1.000,
	"tcEdgeCost": 1024,
	"validityTime": 272215},
{
	"destinationIP": "10.150.22.1",
	"lastHopIP": "172.19.62.0",
	"linkQuality": 1.000,
	"neighborLinkQuality": 0.748,
	"tcEdgeCost": 1367,
	"validityTime": 272215},
{
	"destinationIP": "172.19.62.1",
	"lastHopIP": "172.19.62.0",
	"linkQuality": 1.000,
	"neighborLinkQuality": 1.000,
	"tcEdgeCost": 1024,
	"validityTime": 272215},
{
	"destinationIP": "172.19.192.1",
	"lastHopIP": "172.19.62.0",
	"linkQuality": 1.000,
	"neighborLinkQuality": 0.940,
	"tcEdgeCost": 1088,
	"validityTime": 272215},
{
	"destinationIP": "172.19.177.0",
	"lastHopIP": "172.19.63.0",
	"linkQuality": 0.195,
	"neighborLinkQuality": 0.195,
	"tcEdgeCost": 26634,
	"validityTime": 2776638},
{
	"destinationIP": "10.150.0.1",
	"lastHopIP": "172.19.63.0",
	"linkQuality": 0.195,
	"neighborLinkQuality": 0.195,
	"tcEdgeCost": 26634,
	"validityTime": 2776638},
{
	"destinationIP": "10.150.3.7",
	"lastHopIP": "172.19.63.0",
	"linkQuality": 1.000,
	"neighborLinkQuality": 1.000,
	"tcEdgeCost": 1024,
	"validityTime": 2776638},
{
	"destinationIP": "10.150.22.22",
	"lastHopIP": "172.19.63.0",
	"linkQuality": 0.195,
	"neighborLinkQuality": 0.195,
	"tcEdgeCost": 26634,
	"validityTime": 2776638},
{
	"destinationIP": "172.19.62.0",
	"lastHopIP": "172.19.143.0",
	"linkQuality": 1.000,
	"neighborLinkQuality": 1.000,
	"tcEdgeCost": 1024,
	"validityTime": 0},
{
	"destinationIP": "172.19.64.1",
	"lastHopIP": "172.19.175.0",
	"linkQuality": 1.000,
	"neighborLinkQuality": 1.000,
	"tcEdgeCost": 1024,
	"validityTime": 262905},
{
	"destinationIP": "172.19.63.0",
	"lastHopIP": "172.19.177.0",
	"linkQuality": 0.195,
	"neighborLinkQuality": 0.195,
	"tcEdgeCost": 26634,
	"validityTime": 549020},
{
	"destinationIP": "172.19.192.0",
	"lastHopIP": "172.19.177.0",
	"linkQuality": 1.000,
	"neighborLinkQuality": 1.000,
	"tcEdgeCost": 1024,
	"validityTime": 549020},
{
	"destinationIP": "10.150.0.1",
	"lastHopIP": "172.19.177.0",
	"linkQuality": 0.195,
	"neighborLinkQuality": 0.195,
	"tcEdgeCost": 26634,
	"validityTime": 549020},
{
	"destinationIP": "10.150.25.1",
	"lastHopIP": "172.19.177.0",
	"linkQuality": 0.396,
	"neighborLinkQuality": 1.000,
	"tcEdgeCost": 2585,
	"validityTime": 549020},
{
	"destinationIP": "10.150.22.22",
	"lastHopIP": "172.19.177.0",
	"linkQuality": 0.195,
	"neighborLinkQuality": 0.195,
	"tcEdgeCost": 26634,
	"validityTime": 549020},
{
	"destinationIP": "172.19.177.0",
	"lastHopIP": "172.19.192.0",
	"linkQuality": 1.000,
	"neighborLinkQuality": 1.000,
	"tcEdgeCost": 1024,
	"validityTime": 481611},
{
	"destinationIP": "172.19.63.0",
	"lastHopIP": "10.150.0.1",
	"linkQuality": 0.195,
	"neighborLinkQuality": 0.195,
	"tcEdgeCost": 26634,
	"validityTime": 2842939},
{
	"destinationIP": "172.19.177.0",
	"lastHopIP": "10.150.0.1",
	"linkQuality": 0.195,
	"neighborLinkQuality": 0.195,
	"tcEdgeCost": 26634,
	"validityTime": 2842939},
{
	"destinationIP": "10.150.22.22",
	"lastHopIP": "10.150.0.1",
	"linkQuality": 0.195,
	"neighborLinkQuality": 0.195,
	"tcEdgeCost": 26634,
	"validityTime": 2842939},
{
	"destinationIP": "172.19.64.1",
	"lastHopIP": "10.150.13.1",
	"linkQuality": 1.000,
	"neighborLinkQuality": 1.000,
	"tcEdgeCost": 1024,
	"validityTime": 281130},
{
	"destinationIP": "172.19.62.0",
	"lastHopIP": "10.150.22.1",
	"linkQuality": 0.761,
	"neighborLinkQuality": 1.000,
	"tcEdgeCost": 1345,
	"validityTime": 275845},
{
	"destinationIP": "172.19.185.11",
	"lastHopIP": "10.150.22.1",
	"linkQuality": 1.000,
	"neighborLinkQuality": 0.329,
	"tcEdgeCost": 3108,
	"validityTime": 275845},
{
	"destinationIP": "10.150.22.22",
	"lastHopIP": "10.150.22.1",
	"linkQuality": 1.000,
	"neighborLinkQuality": 1.000,
	"tcEdgeCost": 1024,
	"validityTime": 275845},
{
	"destinationIP": "172.19.177.0",
	"lastHopIP": "10.150.25.1",
	"linkQuality": 1.000,
	"neighborLinkQuality": 0.380,
	"tcEdgeCost": 2691,
	"validityTime": 269823},
{
	"destinationIP": "172.19.64.1",
	"lastHopIP": "10.150.25.1",
	"linkQuality": 1.000,
	"neighborLinkQuality": 1.000,
	"tcEdgeCost": 1024,
	"validityTime": 269823},
{
	"destinationIP": "172.19.127.1",
	"lastHopIP": "10.150.25.1",
	"linkQuality": 1.000,
	"neighborLinkQuality": 0.886,
	"tcEdgeCost": 1155,
	"validityTime": 269823},
{
	"destinationIP": "172.19.191.2",
	"lastHopIP": "10.150.25.1",
	"linkQuality": 1.000,
	"neighborLinkQuality": 0.894,
	"tcEdgeCost": 1145,
	"validityTime": 269823},
{
	"destinationIP": "172.19.177.51",
	"lastHopIP": "10.150.25.1",
	"linkQuality": 1.000,
	"neighborLinkQuality": 0.796,
	"tcEdgeCost": 1286,
	"validityTime": 269823},
{
	"destinationIP": "172.19.62.0",
	"lastHopIP": "172.19.62.1",
	"linkQuality": 1.000,
	"neighborLinkQuality": 1.000,
	"tcEdgeCost": 1024,
	"validityTime": 479093},
{
	"destinationIP": "172.19.175.0",
	"lastHopIP": "172.19.64.1",
	"linkQuality": 1.000,
	"neighborLinkQuality": 0.894,
	"tcEdgeCost": 1145,
	"validityTime": 237399},
{
	"destinationIP": "10.150.13.1",
	"lastHopIP": "172.19.64.1",
	"linkQuality": 1.000,
	"neighborLinkQuality": 0.886,
	"tcEdgeCost": 1155,
	"validityTime": 237399},
{
	"destinationIP": "10.150.25.1",
	"lastHopIP": "172.19.64.1",
	"linkQuality": 1.000,
	"neighborLinkQuality": 1.000,
	"tcEdgeCost": 1024,
	"validityTime": 237399},
{
	"destinationIP": "172.19.183.1",
	"lastHopIP": "172.19.64.1",
	"linkQuality": 1.000,
	"neighborLinkQuality": 0.729,
	"tcEdgeCost": 1403,
	"validityTime": 237399},
{
	"destinationIP": "172.19.193.1",
	"lastHopIP": "172.19.64.1",
	"linkQuality": 1.000,
	"neighborLinkQuality": 1.000,
	"tcEdgeCost": 1024,
	"validityTime": 237399},
{
	"destinationIP": "172.19.194.1",
	"lastHopIP": "172.19.64.1",
	"linkQuality": 1.000,
	"neighborLinkQuality": 0.886,
	"tcEdgeCost": 1155,
	"validityTime": 237399},
{
	"destinationIP": "10.150.25.1",
	"lastHopIP": "172.19.127.1",
	"linkQuality": 0.886,
	"neighborLinkQuality": 1.000,
	"tcEdgeCost": 1155,
	"validityTime": 272447},
{
	"destinationIP": "172.19.64.1",
	"lastHopIP": "172.19.183.1",
	"linkQuality": 0.729,
	"neighborLinkQuality": 1.000,
	"tcEdgeCost": 1403,
	"validityTime": 233504},
{
	"destinationIP": "172.19.183.2",
	"lastHopIP": "172.19.183.1",
	"linkQuality": 1.000,
	"neighborLinkQuality": 1.000,
	"tcEdgeCost": 1024,
	"validityTime": 233504},
{
	"destinationIP": "172.19.62.0",
	"lastHopIP": "172.19.192.1",
	"linkQuality": 0.940,
	"neighborLinkQuality": 1.000,
	"tcEdgeCost": 1088,
	"validityTime": 270467},
{
	"destinationIP": "172.19.64.1",
	"lastHopIP": "172.19.193.1",
	"linkQuality": 1.000,
	"neighborLinkQuality": 1.000,
	"tcEdgeCost": 1024,
	"validityTime": 282671},
{
	"destinationIP": "172.19.64.1",
	"lastHopIP": "172.19.194.1",
	"linkQuality": 0.886,
	"neighborLinkQuality": 1.000,
	"tcEdgeCost": 1155,
	"validityTime": 262160},
{
	"destinationIP": "172.19.194.3",
	"lastHopIP": "172.19.194.1",
	"linkQuality": 1.000,
	"neighborLinkQuality": 1.000,
	"tcEdgeCost": 1024,
	"validityTime": 262160},
{
	"destinationIP": "172.19.183.1",
	"lastHopIP": "172.19.183.2",
	"linkQuality": 1.000,
	"neighborLinkQuality": 1.000,
	"tcEdgeCost": 1024,
	"validityTime": 266220},
{
	"destinationIP": "10.150.25.1",
	"lastHopIP": "172.19.191.2",
	"linkQuality": 0.894,
	"neighborLinkQuality": 1.000,
	"tcEdgeCost": 1145,
	"validityTime": 266503},
{
	"destinationIP": "172.19.177.51",
	"lastHopIP": "172.19.191.2",
	"linkQuality": 1.000,
	"neighborLinkQuality": 1.000,
	"tcEdgeCost": 1024,
	"validityTime": 266503},
{
	"destinationIP": "172.19.194.1",
	"lastHopIP": "172.19.194.3",
	"linkQuality": 1.000,
	"neighborLinkQuality": 1.000,
	"tcEdgeCost": 1024,
	"validityTime": 445250},
{
	"destinationIP": "172.19.63.0",
	"lastHopIP": "10.150.3.7",
	"linkQuality": 1.000,
	"neighborLinkQuality": 1.000,
	"tcEdgeCost": 1024,
	"validityTime": 269235},
{
	"destinationIP": "10.150.22.1",
	"lastHopIP": "172.19.185.11",
	"linkQuality": 0.329,
	"neighborLinkQuality": 1.000,
	"tcEdgeCost": 3108,
	"validityTime": 267288},
{
	"destinationIP": "172.19.63.0",
	"lastHopIP": "10.150.22.22",
	"linkQuality": 0.195,
	"neighborLinkQuality": 0.195,
	"tcEdgeCost": 26634,
	"validityTime": 274313},
{
	"destinationIP": "172.19.177.0",
	"lastHopIP": "10.150.22.22",
	"linkQuality": 0.195,
	"neighborLinkQuality": 0.195,
	"tcEdgeCost": 26634,
	"validityTime": 274313},
{
	"destinationIP": "10.150.0.1",
	"lastHopIP": "10.150.22.22",
	"linkQuality": 0.195,
	"neighborLinkQuality": 0.195,
	"tcEdgeCost": 26634,
	"validityTime": 274313},
{
	"destinationIP": "10.150.22.1",
	"lastHopIP": "10.150.22.22",
	"linkQuality": 1.000,
	"neighborLinkQuality": 1.000,
	"tcEdgeCost": 1024,
	"validityTime": 274313},
{
	"destinationIP": "10.150.25.1",
	"lastHopIP": "172.19.177.51",
	"linkQuality": 0.819,
	"neighborLinkQuality": 1.000,
	"tcEdgeCost": 1249,
	"validityTime": 282022},
{
	"destinationIP": "172.19.191.2",
	"lastHopIP": "172.19.177.51",
	"linkQuality": 1.000,
	"neighborLinkQuality": 0.894,
	"tcEdgeCost": 1145,
	"validityTime": 282022}]
,
	"hna": [
{
	"destination": "10.10.10.10",
	"genmask": 32,
	"gateway": "10.150.22.22",
	"validityTime": 271489},
{
	"destination": "176.62.53.36",
	"genmask": 32,
	"gateway": "10.150.22.22",
	"validityTime": 266581},
{
	"destination": "0.0.0.0",
	"genmask": 0,
	"gateway": "10.150.13.1",
	"validityTime": 252860},
{
	"destination": "10.150.13.0",
	"genmask": 24,
	"gateway": "10.150.13.1",
	"validityTime": 254764},
{
	"destination": "10.150.33.0",
	"genmask": 24,
	"gateway": "172.19.127.1",
	"validityTime": 280017},
{
	"destination": "10.150.3.0",
	"genmask": 24,
	"gateway": "172.19.63.0",
	"validityTime": 2894121},
{
	"destination": "10.11.12.13",
	"genmask": 32,
	"gateway": "172.19.63.0",
	"validityTime": 2853151},
{
	"destination": "10.10.10.10",
	"genmask": 32,
	"gateway": "172.19.63.0",
	"validityTime": 2785240},
{
	"destination": "10.150.0.0",
	"genmask": 24,
	"gateway": "10.150.0.1",
	"validityTime": 2795651},
{
	"destination": "10.0.5.0",
	"genmask": 24,
	"gateway": "10.150.0.1",
	"validityTime": 2793266},
{
	"destination": "176.62.53.33",
	"genmask": 32,
	"gateway": "10.150.0.1",
	"validityTime": 2869648},
{
	"destination": "10.150.5.0",
	"genmask": 24,
	"gateway": "172.19.183.1",
	"validityTime": 272076},
{
	"destination": "0.0.0.0",
	"genmask": 0,
	"gateway": "172.19.183.1",
	"validityTime": 265409},
{
	"destination": "10.150.7.0",
	"genmask": 24,
	"gateway": "172.19.177.0",
	"validityTime": 139725},
{
	"destination": "10.150.3.0",
	"genmask": 24,
	"gateway": "10.150.3.7",
	"validityTime": 283873},
{
	"destination": "10.150.29.0",
	"genmask": 24,
	"gateway": "172.19.194.3",
	"validityTime": 107401},
{
	"destination": "10.150.8.0",
	"genmask": 24,
	"gateway": "172.19.192.0",
	"validityTime": 112779},
{
	"destination": "0.0.0.0",
	"genmask": 0,
	"gateway": "172.19.192.0",
	"validityTime": 115545},
{
	"destination": "10.150.31.0",
	"genmask": 24,
	"gateway": "172.19.175.0",
	"validityTime": 259011},
{
	"destination": "0.0.0.0",
	"genmask": 0,
	"gateway": "172.19.175.0",
	"validityTime": 261298},
{
	"destination": "10.150.27.0",
	"genmask": 24,
	"gateway": "172.19.192.1",
	"validityTime": 270324},
{
	"destination": "0.0.0.0",
	"genmask": 0,
	"gateway": "172.19.192.1",
	"validityTime": 274942},
{
	"destination": "10.150.21.0",
	"genmask": 24,
	"gateway": "172.19.194.1",
	"validityTime": 270248},
{
	"destination": "10.11.12.13",
	"genmask": 32,
	"gateway": "172.19.194.1",
	"validityTime": 268706},
{
	"destination": "10.150.9.0",
	"genmask": 24,
	"gateway": "172.19.64.1",
	"validityTime": 265988},
{
	"destination": "10.150.20.0",
	"genmask": 24,
	"gateway": "172.19.62.1",
	"validityTime": 114008},
{
	"destination": "0.0.0.0",
	"genmask": 0,
	"gateway": "172.19.177.51",
	"validityTime": 262417},
{
	"destination": "10.150.28.0",
	"genmask": 24,
	"gateway": "172.19.177.51",
	"validityTime": 264254},
{
	"destination": "10.150.26.0",
	"genmask": 24,
	"gateway": "172.19.191.2",
	"validityTime": 272539},
{
	"destination": "10.150.19.0",
	"genmask": 24,
	"gateway": "172.19.193.1",
	"validityTime": 270042},
{
	"destination": "10.150.15.0",
	"genmask": 24,
	"gateway": "172.19.183.2",
	"validityTime": 241134},
{
	"destination": "0.0.0.0",
	"genmask": 0,
	"gateway": "172.19.183.2",
	"validityTime": 239619},
{
	"destination": "10.150.2.0",
	"genmask": 24,
	"gateway": "172.19.62.0",
	"validityTime": 268674},
{
	"destination": "0.0.0.0",
	"genmask": 0,
	"gateway": "172.19.62.0",
	"validityTime": 271330},
{
	"destination": "10.150.32.0",
	"genmask": 24,
	"gateway": "172.19.185.11",
	"validityTime": 274469},
{
	"destination": "10.150.25.0",
	"genmask": 24,
	"gateway": "10.150.25.1",
	"validityTime": 272182},
{
	"destination": "10.150.22.0",
	"genmask": 24,
	"gateway": "10.150.22.1",
	"validityTime": 283556}]
,
	"mid": [
{
	"ipAddress": "10.150.22.22",
	"aliases": [
{
	"ipAddress": "10.150.0.14",
	"validityTime": 279079}]
},
{
	"ipAddress": "10.150.13.1",
	"aliases": [
{
	"ipAddress": "172.19.186.3",
	"validityTime": 282688}]
},
{
	"ipAddress": "172.19.63.0",
	"aliases": [
{
	"ipAddress": "10.150.0.7",
	"validityTime": 2908414},
{
	"ipAddress": "10.150.3.13",
	"validityTime": 2908414}]
},
{
	"ipAddress": "172.19.183.1",
	"aliases": [
{
	"ipAddress": "172.19.183.5",
	"validityTime": 282688}]
},
{
	"ipAddress": "172.19.177.0",
	"aliases": [
{
	"ipAddress": "10.150.0.5",
	"validityTime": 572492},
{
	"ipAddress": "172.19.177.1",
	"validityTime": 572492}]
},
{
	"ipAddress": "10.150.3.7",
	"aliases": [
{
	"ipAddress": "172.19.63.1",
	"validityTime": 284492}]
},
{
	"ipAddress": "172.19.194.1",
	"aliases": [
{
	"ipAddress": "172.19.194.2",
	"validityTime": 282688}]
},
{
	"ipAddress": "172.19.64.1",
	"aliases": [
{
	"ipAddress": "172.19.64.2",
	"validityTime": 272668}]
},
{
	"ipAddress": "172.19.62.1",
	"aliases": [
{
	"ipAddress": "10.150.20.2",
	"validityTime": 476857}]
},
{
	"ipAddress": "172.19.177.51",
	"aliases": [
{
	"ipAddress": "172.19.177.52",
	"validityTime": 282688}]
},
{
	"ipAddress": "172.19.191.2",
	"aliases": [
{
	"ipAddress": "172.19.191.3",
	"validityTime": 274271}]
},
{
	"ipAddress": "172.19.193.1",
	"aliases": [
{
	"ipAddress": "10.150.19.200",
	"validityTime": 282688},
{
	"ipAddress": "172.19.193.3",
	"validityTime": 282688}]
},
{
	"ipAddress": "172.19.185.11",
	"aliases": [
{
	"ipAddress": "172.19.185.13",
	"validityTime": 284492},
{
	"ipAddress": "172.19.185.12",
	"validityTime": 284492}]
},
{
	"ipAddress": "10.150.25.1",
	"aliases": [
{
	"ipAddress": "150.217.18.250",
	"validityTime": 282688},
{
	"ipAddress": "172.19.189.4",
	"validityTime": 282688},
{
	"ipAddress": "172.19.189.3",
	"validityTime": 282688},
{
	"ipAddress": "172.19.189.1",
	"validityTime": 282688},
{
	"ipAddress": "172.19.189.2",
	"validityTime": 282688}]
},
{
	"ipAddress": "10.150.22.1",
	"aliases": [
{
	"ipAddress": "172.19.185.4",
	"validityTime": 284492},
{
	"ipAddress": "172.19.185.1",
	"validityTime": 284492},
{
	"ipAddress": "172.19.185.2",
	"validityTime": 284492},
{
	"ipAddress": "172.19.185.3",
	"validityTime": 284492}]
}]
,
	"routes": [
{
	"destination": "0.0.0.0",
	"genmask": 0,
	"gateway": "172.19.62.0",
	"metric": 1,
	"rtpMetricCost": 1024,
	"networkInterface": "eth0.3"},
{
	"destination": "10.0.5.0",
	"genmask": 24,
	"gateway": "172.19.62.0",
	"metric": 4,
	"rtpMetricCost": 30049,
	"networkInterface": "eth0.3"},
{
	"destination": "10.10.10.10",
	"genmask": 32,
	"gateway": "172.19.62.0",
	"metric": 3,
	"rtpMetricCost": 3415,
	"networkInterface": "eth0.3"},
{
	"destination": "10.11.12.13",
	"genmask": 32,
	"gateway": "172.19.62.0",
	"metric": 4,
	"rtpMetricCost": 30049,
	"networkInterface": "eth0.3"},
{
	"destination": "10.150.0.0",
	"genmask": 24,
	"gateway": "172.19.62.0",
	"metric": 4,
	"rtpMetricCost": 30049,
	"networkInterface": "eth0.3"},
{
	"destination": "10.150.0.1",
	"genmask": 32,
	"gateway": "172.19.62.0",
	"metric": 4,
	"rtpMetricCost": 30049,
	"networkInterface": "eth0.3"},
{
	"destination": "10.150.0.5",
	"genmask": 32,
	"gateway": "172.19.62.0",
	"metric": 4,
	"rtpMetricCost": 30049,
	"networkInterface": "eth0.3"},
{
	"destination": "10.150.0.7",
	"genmask": 32,
	"gateway": "172.19.62.0",
	"metric": 4,
	"rtpMetricCost": 30049,
	"networkInterface": "eth0.3"},
{
	"destination": "10.150.0.14",
	"genmask": 32,
	"gateway": "172.19.62.0",
	"metric": 3,
	"rtpMetricCost": 3415,
	"networkInterface": "eth0.3"},
{
	"destination": "10.150.2.0",
	"genmask": 24,
	"gateway": "172.19.62.0",
	"metric": 1,
	"rtpMetricCost": 1024,
	"networkInterface": "eth0.3"},
{
	"destination": "10.150.3.0",
	"genmask": 24,
	"gateway": "172.19.62.0",
	"metric": 4,
	"rtpMetricCost": 30049,
	"networkInterface": "eth0.3"},
{
	"destination": "10.150.3.7",
	"genmask": 32,
	"gateway": "172.19.62.0",
	"metric": 5,
	"rtpMetricCost": 31073,
	"networkInterface": "eth0.3"},
{
	"destination": "10.150.3.13",
	"genmask": 32,
	"gateway": "172.19.62.0",
	"metric": 4,
	"rtpMetricCost": 30049,
	"networkInterface": "eth0.3"},
{
	"destination": "10.150.5.0",
	"genmask": 24,
	"gateway": "172.19.62.0",
	"metric": 7,
	"rtpMetricCost": 35061,
	"networkInterface": "eth0.3"},
{
	"destination": "10.150.7.0",
	"genmask": 24,
	"gateway": "172.19.62.0",
	"metric": 4,
	"rtpMetricCost": 30049,
	"networkInterface": "eth0.3"},
{
	"destination": "10.150.8.0",
	"genmask": 24,
	"gateway": "172.19.62.0",
	"metric": 5,
	"rtpMetricCost": 31073,
	"networkInterface": "eth0.3"},
{
	"destination": "10.150.9.0",
	"genmask": 24,
	"gateway": "172.19.62.0",
	"metric": 6,
	"rtpMetricCost": 33658,
	"networkInterface": "eth0.3"},
{
	"destination": "10.150.13.0",
	"genmask": 24,
	"gateway": "172.19.62.0",
	"metric": 7,
	"rtpMetricCost": 34813,
	"networkInterface": "eth0.3"},
{
	"destination": "10.150.13.1",
	"genmask": 32,
	"gateway": "172.19.62.0",
	"metric": 7,
	"rtpMetricCost": 34813,
	"networkInterface": "eth0.3"},
{
	"destination": "10.150.15.0",
	"genmask": 24,
	"gateway": "172.19.62.0",
	"metric": 8,
	"rtpMetricCost": 36085,
	"networkInterface": "eth0.3"},
{
	"destination": "10.150.19.0",
	"genmask": 24,
	"gateway": "172.19.62.0",
	"metric": 7,
	"rtpMetricCost": 34682,
	"networkInterface": "eth0.3"},
{
	"destination": "10.150.19.200",
	"genmask": 32,
	"gateway": "172.19.62.0",
	"metric": 7,
	"rtpMetricCost": 34682,
	"networkInterface": "eth0.3"},
{
	"destination": "10.150.20.0",
	"genmask": 24,
	"gateway": "172.19.62.0",
	"metric": 2,
	"rtpMetricCost": 2048,
	"networkInterface": "eth0.3"},
{
	"destination": "10.150.20.2",
	"genmask": 32,
	"gateway": "172.19.62.0",
	"metric": 2,
	"rtpMetricCost": 2048,
	"networkInterface": "eth0.3"},
{
	"destination": "10.150.21.0",
	"genmask": 24,
	"gateway": "172.19.62.0",
	"metric": 7,
	"rtpMetricCost": 34813,
	"networkInterface": "eth0.3"},
{
	"destination": "10.150.22.0",
	"genmask": 24,
	"gateway": "172.19.62.0",
	"metric": 2,
	"rtpMetricCost": 2391,
	"networkInterface": "eth0.3"},
{
	"destination": "10.150.22.1",
	"genmask": 32,
	"gateway": "172.19.62.0",
	"metric": 2,
	"rtpMetricCost": 2391,
	"networkInterface": "eth0.3"},
{
	"destination": "10.150.22.22",
	"genmask": 32,
	"gateway": "172.19.62.0",
	"metric": 3,
	"rtpMetricCost": 3415,
	"networkInterface": "eth0.3"},
{
	"destination": "10.150.25.0",
	"genmask": 24,
	"gateway": "172.19.62.0",
	"metric": 5,
	"rtpMetricCost": 32634,
	"networkInterface": "eth0.3"},
{
	"destination": "10.150.25.1",
	"genmask": 32,
	"gateway": "172.19.62.0",
	"metric": 5,
	"rtpMetricCost": 32634,
	"networkInterface": "eth0.3"},
{
	"destination": "10.150.26.0",
	"genmask": 24,
	"gateway": "172.19.62.0",
	"metric": 6,
	"rtpMetricCost": 33779,
	"networkInterface": "eth0.3"},
{
	"destination": "10.150.27.0",
	"genmask": 24,
	"gateway": "172.19.62.0",
	"metric": 2,
	"rtpMetricCost": 2112,
	"networkInterface": "eth0.3"},
{
	"destination": "10.150.28.0",
	"genmask": 24,
	"gateway": "172.19.62.0",
	"metric": 6,
	"rtpMetricCost": 33920,
	"networkInterface": "eth0.3"},
{
	"destination": "10.150.29.0",
	"genmask": 24,
	"gateway": "172.19.62.0",
	"metric": 8,
	"rtpMetricCost": 35837,
	"networkInterface": "eth0.3"},
{
	"destination": "10.150.31.0",
	"genmask": 24,
	"gateway": "172.19.62.0",
	"metric": 7,
	"rtpMetricCost": 34803,
	"networkInterface": "eth0.3"},
{
	"destination": "10.150.32.0",
	"genmask": 24,
	"gateway": "172.19.62.0",
	"metric": 3,
	"rtpMetricCost": 5499,
	"networkInterface": "eth0.3"},
{
	"destination": "10.150.33.0",
	"genmask": 24,
	"gateway": "172.19.62.0",
	"metric": 6,
	"rtpMetricCost": 33789,
	"networkInterface": "eth0.3"},
{
	"destination": "150.217.18.250",
	"genmask": 32,
	"gateway": "172.19.62.0",
	"metric": 5,
	"rtpMetricCost": 32634,
	"networkInterface": "eth0.3"},
{
	"destination": "172.19.62.0",
	"genmask": 32,
	"gateway": "172.19.62.0",
	"metric": 1,
	"rtpMetricCost": 1024,
	"networkInterface": "eth0.3"},
{
	"destination": "172.19.62.1",
	"genmask": 32,
	"gateway": "172.19.62.0",
	"metric": 2,
	"rtpMetricCost": 2048,
	"networkInterface": "eth0.3"},
{
	"destination": "172.19.63.0",
	"genmask": 32,
	"gateway": "172.19.62.0",
	"metric": 4,
	"rtpMetricCost": 30049,
	"networkInterface": "eth0.3"},
{
	"destination": "172.19.63.1",
	"genmask": 32,
	"gateway": "172.19.62.0",
	"metric": 5,
	"rtpMetricCost": 31073,
	"networkInterface": "eth0.3"},
{
	"destination": "172.19.64.1",
	"genmask": 32,
	"gateway": "172.19.62.0",
	"metric": 6,
	"rtpMetricCost": 33658,
	"networkInterface": "eth0.3"},
{
	"destination": "172.19.64.2",
	"genmask": 32,
	"gateway": "172.19.62.0",
	"metric": 6,
	"rtpMetricCost": 33658,
	"networkInterface": "eth0.3"},
{
	"destination": "172.19.127.1",
	"genmask": 32,
	"gateway": "172.19.62.0",
	"metric": 6,
	"rtpMetricCost": 33789,
	"networkInterface": "eth0.3"},
{
	"destination": "172.19.175.0",
	"genmask": 32,
	"gateway": "172.19.62.0",
	"metric": 7,
	"rtpMetricCost": 34803,
	"networkInterface": "eth0.3"},
{
	"destination": "172.19.177.0",
	"genmask": 32,
	"gateway": "172.19.62.0",
	"metric": 4,
	"rtpMetricCost": 30049,
	"networkInterface": "eth0.3"},
{
	"destination": "172.19.177.1",
	"genmask": 32,
	"gateway": "172.19.62.0",
	"metric": 4,
	"rtpMetricCost": 30049,
	"networkInterface": "eth0.3"},
{
	"destination": "172.19.177.51",
	"genmask": 32,
	"gateway": "172.19.62.0",
	"metric": 6,
	"rtpMetricCost": 33920,
	"networkInterface": "eth0.3"},
{
	"destination": "172.19.177.52",
	"genmask": 32,
	"gateway": "172.19.62.0",
	"metric": 6,
	"rtpMetricCost": 33920,
	"networkInterface": "eth0.3"},
{
	"destination": "172.19.183.1",
	"genmask": 32,
	"gateway": "172.19.62.0",
	"metric": 7,
	"rtpMetricCost": 35061,
	"networkInterface": "eth0.3"},
{
	"destination": "172.19.183.2",
	"genmask": 32,
	"gateway": "172.19.62.0",
	"metric": 8,
	"rtpMetricCost": 36085,
	"networkInterface": "eth0.3"},
{
	"destination": "172.19.183.5",
	"genmask": 32,
	"gateway": "172.19.62.0",
	"metric": 7,
	"rtpMetricCost": 35061,
	"networkInterface": "eth0.3"},
{
	"destination": "172.19.185.1",
	"genmask": 32,
	"gateway": "172.19.62.0",
	"metric": 2,
	"rtpMetricCost": 2391,
	"networkInterface": "eth0.3"},
{
	"destination": "172.19.185.2",
	"genmask": 32,
	"gateway": "172.19.62.0",
	"metric": 2,
	"rtpMetricCost": 2391,
	"networkInterface": "eth0.3"},
{
	"destination": "172.19.185.3",
	"genmask": 32,
	"gateway": "172.19.62.0",
	"metric": 2,
	"rtpMetricCost": 2391,
	"networkInterface": "eth0.3"},
{
	"destination": "172.19.185.4",
	"genmask": 32,
	"gateway": "172.19.62.0",
	"metric": 2,
	"rtpMetricCost": 2391,
	"networkInterface": "eth0.3"},
{
	"destination": "172.19.185.11",
	"genmask": 32,
	"gateway": "172.19.62.0",
	"metric": 3,
	"rtpMetricCost": 5499,
	"networkInterface": "eth0.3"},
{
	"destination": "172.19.185.12",
	"genmask": 32,
	"gateway": "172.19.62.0",
	"metric": 3,
	"rtpMetricCost": 5499,
	"networkInterface": "eth0.3"},
{
	"destination": "172.19.185.13",
	"genmask": 32,
	"gateway": "172.19.62.0",
	"metric": 3,
	"rtpMetricCost": 5499,
	"networkInterface": "eth0.3"},
{
	"destination": "172.19.186.3",
	"genmask": 32,
	"gateway": "172.19.62.0",
	"metric": 7,
	"rtpMetricCost": 34813,
	"networkInterface": "eth0.3"},
{
	"destination": "172.19.189.1",
	"genmask": 32,
	"gateway": "172.19.62.0",
	"metric": 5,
	"rtpMetricCost": 32634,
	"networkInterface": "eth0.3"},
{
	"destination": "172.19.189.2",
	"genmask": 32,
	"gateway": "172.19.62.0",
	"metric": 5,
	"rtpMetricCost": 32634,
	"networkInterface": "eth0.3"},
{
	"destination": "172.19.189.3",
	"genmask": 32,
	"gateway": "172.19.62.0",
	"metric": 5,
	"rtpMetricCost": 32634,
	"networkInterface": "eth0.3"},
{
	"destination": "172.19.189.4",
	"genmask": 32,
	"gateway": "172.19.62.0",
	"metric": 5,
	"rtpMetricCost": 32634,
	"networkInterface": "eth0.3"},
{
	"destination": "172.19.191.2",
	"genmask": 32,
	"gateway": "172.19.62.0",
	"metric": 6,
	"rtpMetricCost": 33779,
	"networkInterface": "eth0.3"},
{
	"destination": "172.19.191.3",
	"genmask": 32,
	"gateway": "172.19.62.0",
	"metric": 6,
	"rtpMetricCost": 33779,
	"networkInterface": "eth0.3"},
{
	"destination": "172.19.192.0",
	"genmask": 32,
	"gateway": "172.19.62.0",
	"metric": 5,
	"rtpMetricCost": 31073,
	"networkInterface": "eth0.3"},
{
	"destination": "172.19.192.1",
	"genmask": 32,
	"gateway": "172.19.62.0",
	"metric": 2,
	"rtpMetricCost": 2112,
	"networkInterface": "eth0.3"},
{
	"destination": "172.19.193.1",
	"genmask": 32,
	"gateway": "172.19.62.0",
	"metric": 7,
	"rtpMetricCost": 34682,
	"networkInterface": "eth0.3"},
{
	"destination": "172.19.193.3",
	"genmask": 32,
	"gateway": "172.19.62.0",
	"metric": 7,
	"rtpMetricCost": 34682,
	"networkInterface": "eth0.3"},
{
	"destination": "172.19.194.1",
	"genmask": 32,
	"gateway": "172.19.62.0",
	"metric": 7,
	"rtpMetricCost": 34813,
	"networkInterface": "eth0.3"},
{
	"destination": "172.19.194.2",
	"genmask": 32,
	"gateway": "172.19.62.0",
	"metric": 7,
	"rtpMetricCost": 34813,
	"networkInterface": "eth0.3"},
{
	"destination": "172.19.194.3",
	"genmask": 32,
	"gateway": "172.19.62.0",
	"metric": 8,
	"rtpMetricCost": 35837,
	"networkInterface": "eth0.3"},
{
	"destination": "176.62.53.33",
	"genmask": 32,
	"gateway": "172.19.62.0",
	"metric": 4,
	"rtpMetricCost": 30049,
	"networkInterface": "eth0.3"},
{
	"destination": "176.62.53.36",
	"genmask": 32,
	"gateway": "172.19.62.0",
	"metric": 3,
	"rtpMetricCost": 3415,
	"networkInterface": "eth0.3"}]
,
	"gateways": [
{
	"ipv4Status": "u",
	"ipType": "ipv4",
	"ipv4": true,
	"ipv4Nat": true,
	"ipv6": false,
	"autoIpv4": false,
	"autoIpv6": false,
	"ipAddress": "172.19.175.0",
	"tcPathCost": 34803,
	"hopCount": 7,
	"uplinkSpeed": 9000,
	"downlinkSpeed": 40000,
	"externalPrefix": "0.0.0.0/0.0.0.0"},
{
	"ipv4Status": "s",
	"ipType": "ipv4",
	"ipv4": true,
	"ipv4Nat": true,
	"ipv6": false,
	"autoIpv4": false,
	"autoIpv6": false,
	"ipAddress": "172.19.192.0",
	"tcPathCost": 31073,
	"hopCount": 5,
	"uplinkSpeed": 120,
	"downlinkSpeed": 1000,
	"externalPrefix": "0.0.0.0/0.0.0.0"},
{
	"ipv4Status": "u",
	"ipType": "ipv4",
	"ipv4": true,
	"ipv4Nat": true,
	"ipv6": false,
	"autoIpv4": false,
	"autoIpv6": false,
	"ipAddress": "10.150.13.1",
	"tcPathCost": 34813,
	"hopCount": 7,
	"uplinkSpeed": 120,
	"downlinkSpeed": 1000,
	"externalPrefix": "0.0.0.0/0.0.0.0"},
{
	"ipv4Status": "u",
	"ipType": "ipv4",
	"ipv4": true,
	"ipv4Nat": true,
	"ipv6": false,
	"autoIpv4": false,
	"autoIpv6": false,
	"ipAddress": "172.19.183.2",
	"tcPathCost": 36085,
	"hopCount": 8,
	"uplinkSpeed": 3000,
	"downlinkSpeed": 30000,
	"externalPrefix": "0.0.0.0/0.0.0.0"}]
,
	"interfaces": [
{
	"name": "eth0.3",
	"linkQualityMultipliers": [
]
,
	"state": "up",
	"nameFromKernel": "eth0.3",
	"interfaceMode": 0,
	"emulatedHostClientInterface": false,
	"sendTcImmediately": true,
	"fishEyeTtlIndex": 3,
	"olsrForwardingTimeout": 1749920934,
	"olsrMessageSequenceNumber": 60456,
	"olsrInterfaceMetric": 0,
	"olsrMTU": 1472,
	"helloEmissionInterval": 6000,
	"helloValidityTime": 45,
	"tcValidityTime": 252,
	"midValidityTime": 44,
	"hnaValidityTime": 44,
	"wireless": false,
	"icmpRedirect": true,
	"spoofFilter": true,
	"ipv4Address": "172.19.143.0",
	"netmask": "255.255.0.0",
	"broadcast": "172.19.255.255",
	"addressLength": "6",
	"carrier": "1",
	"dormant": "0",
	"flags": "0x1003",
	"linkMode": "0",
	"macAddress": "00:22:15:47:1c:48",
	"ethernetMTU": "1500",
	"operationalState": "up",
	"txQueueLength": "0",
	"collisions": "0",
	"multicastPackets": "0",
	"rxBytes": "730470431",
	"rxCompressed": "0",
	"rxCrcErrors": "0",
	"rxDropped": "0",
	"rxErrors": "0",
	"rxFifoErrors": "0",
	"rxFrameErrors": "0",
	"rxLengthErrors": "0",
	"rxMissedErrors": "0",
	"rxOverErrors": "0",
	"rxPackets": "1057620",
	"txAbortedErrors": "0",
	"txBytes": "50895703",
	"txCarrierErrors": "0",
	"txCompressed": "0",
	"txDropped": "0",
	"txErrors": "0",
	"txFifoErrors": "0",
	"txHeartbeatErrors": "0",
	"txPackets": "415957",
	"txWindowErrors": "0"},
{
	"name": "eth0.4",
	"linkQualityMultipliers": [
]
,
	"state": "up",
	"nameFromKernel": "eth0.4",
	"interfaceMode": 0,
	"emulatedHostClientInterface": false,
	"sendTcImmediately": true,
	"fishEyeTtlIndex": 1,
	"olsrForwardingTimeout": 1749917992,
	"olsrMessageSequenceNumber": 58106,
	"olsrInterfaceMetric": 0,
	"olsrMTU": 1472,
	"helloEmissionInterval": 6000,
	"helloValidityTime": 45,
	"tcValidityTime": 252,
	"midValidityTime": 44,
	"hnaValidityTime": 44,
	"wireless": false,
	"icmpRedirect": true,
	"spoofFilter": true,
	"ipv4Address": "172.19.143.1",
	"netmask": "255.255.0.0",
	"broadcast": "172.19.255.255",
	"addressLength": "6",
	"carrier": "1",
	"dormant": "0",
	"flags": "0x1003",
	"linkMode": "0",
	"macAddress": "00:22:15:47:1c:48",
	"ethernetMTU": "1500",
	"operationalState": "up",
	"txQueueLength": "0",
	"collisions": "0",
	"multicastPackets": "0",
	"rxBytes": "0",
	"rxCompressed": "0",
	"rxCrcErrors": "0",
	"rxDropped": "0",
	"rxErrors": "0",
	"rxFifoErrors": "0",
	"rxFrameErrors": "0",
	"rxLengthErrors": "0",
	"rxMissedErrors": "0",
	"rxOverErrors": "0",
	"rxPackets": "0",
	"txAbortedErrors": "0",
	"txBytes": "45228182",
	"txCarrierErrors": "0",
	"txCompressed": "0",
	"txDropped": "0",
	"txErrors": "0",
	"txFifoErrors": "0",
	"txHeartbeatErrors": "0",
	"txPackets": "397663",
	"txWindowErrors": "0"}]
,"config": {
	"olsrPort": 698,
	"debugLevel": 0,
	"noFork": false,
	"hostEmulation": false,
	"ipVersion": 2,
	"allowNoInterfaces": true,
	"typeOfService": 192,
	"rtProto": 3,
	"rtTable": 254,
	"rtTableDefault": 223,
	"rtTableTunnel": 224,
	"rtTablePriority": -1,
	"rtTableTunnelPriority": 32786,
	"rtTableDefauiltOlsrPriority": 32776,
	"rtTableDefaultPriority": 32796,
	"willingness": 3,
	"willingnessAuto": false,
	"brokenLinkCost": 4194304,
	"brokenRouteCost": -1,
	"fibMetrics": "flat",
	"defaultIpv6Multicast": "ff02::6d",
	"defaultIpv4Broadcast": "172.19.255.255",
	"defaultInterfaceMode": "mesh",
	"defaultHelloEmissionInterval": 6.000,
	"defaultHelloValidityTime": 600.000,
	"defaultTcEmissionInterval": 5.000,
	"defaultTcValidityTime": 500.000,
	"defaultMidEmissionInterval": 10.000,
	"defaultMidValidityTime": 300.000,
	"defaultHnaEmissionInterval": 10.000,
	"defaultHnaValidityTime": 300.000,
	"defaultAutoDetectChanges": true,
	"defaultLinkQualityMultipliers": [
]
,
	"hna": [
{
	"destination": "10.150.1.0",
	"genmask": 24,
	"gateway": "172.19.143.0"}]
,
	"totalIpcConnectionsAllowed": 0,
	"ipcAllowedAddresses": [
]
,
	"pollRate": 100,
	"nicChangePollInterval": 2500,
	"clearScreen": true,
	"tcRedundancy": 2,
	"mprCoverage": 7,
	"linkQualityLevel": 2,
	"linkQualityAging": 0.050,
	"linkQualityFisheye": true,
	"linkQualityAlgorithm": "(null)",
	"minTcValidTime": 0,
	"setIpForward": true,
	"lockFile": "(null)",
	"useNiit": false,
	"smartGateway": true,
	"smartGatewayAlwaysRemoveServerTunnel": false,
	"smartGatewayUseCount": 1,
	"smartGatewayPolicyRoutingScript": "(null)",
	"smartGatewayEgressInterfaces": "(null)",
	"smartGatewayMarkOffsetEgress": 91,
	"smartGatewayMarkOffsetTunnels": 101,
	"smartGatewayAllowNat": true,
	"smartGatewayUplinkNat": true,
	"smartGatewayPeriod": 10000,
	"smartGatewayStableCount": 6,
	"smartGatewayThreshold": 0,
	"smartGatewayUplink": 128,
	"smartGatewayDownlink": 1024,
	"smartGatewayType": 3,
	"smartGatewayPrefix": "0.0.0.0",
	"smartGatewayPrefixLength": 0,
	"mainIpAddress": "172.19.143.0",
	"unicastSourceIpAddress": "172.19.143.0",
	"useSourceIpRoutes": false,
	"maxPrefixLength": 32,
	"ipSize": 4,
	"deleteInternetGatewaysAtStartup": false,
	"willingnessUpdateInterval": 20000,
	"maxSendMessageJitter": 5.000,
	"exitValue": 0,
	"maxTcValidTime": 5000,
	"niit4to6InterfaceIndex": 0,
	"niit6to4InterfaceIndex": 0,
	"hasIpv4Gateway": false,
	"hasIpv6Gateway": false,
	"ioctlSocket": 3,
	"routeNetlinkSocket": 4,
	"routeMonitorSocket": 5,
	"linkQualityNatThreshold": 1.000,
	"olsrdVersion": "olsr.org -  0.6.6.1-git_0000000-hash_98166feda69d60a27f81aad865a9c5c0",
	"olsrdBuildDate": "2013-10-26 05:16:32",
	"olsrdBuildHost": "komainu",
	"os": "GNU/Linux",
	"startTime": 1444459708	}
,
	"plugins": [
{
	"plugin": "olsrd_jsoninfo.so.0.0",
	"accept": "0.0.0.0",
	"port": 9090},
{
	"plugin": "olsrd_txtinfo.so.0.1",
	"accept": "0.0.0.0",
	"port": 2006}]
,
	"systemTime": 1446209627,
	"timeSinceStartup": 1749919274}
