<?xml version="1.0" encoding="UTF-8"?>
<configurationDescriptor version="97">
  <logicalFolder name="root" displayName="root" projectFiles="true" kind="ROOT">
    <df root="." name="0">
      <df name="graph">
        <in>graph.c</in>
        <in>list.c</in>
      </df>
      <df name="test">
        <in>main_c.c</in>
      </df>
      <in>algorithms.c</in>
      <in>algorithms.h</in>
      <in>graph_parser.c</in>
    </df>
    <logicalFolder name="ExternalFiles"
                   displayName="Important Files"
                   projectFiles="false"
                   kind="IMPORTANT_FILES_FOLDER">
      <itemPath>Makefile_test</itemPath>
      <itemPath>nbproject/private/launcher.properties</itemPath>
    </logicalFolder>
  </logicalFolder>
  <sourceFolderFilter>^(nbproject)$</sourceFolderFilter>
  <sourceRootList>
    <Elem>.</Elem>
  </sourceRootList>
  <projectmakefile>Makefile</projectmakefile>
  <confs>
    <conf name="Default" type="0">
      <toolsSet>
        <compilerSet>default</compilerSet>
        <dependencyChecking>false</dependencyChecking>
        <rebuildPropChanged>false</rebuildPropChanged>
      </toolsSet>
      <flagsDictionary>
        <element flagsID="0" commonFlags="-g"/>
      </flagsDictionary>
      <codeAssistance>
      </codeAssistance>
      <makefileType>
        <makeTool>
          <buildCommandWorkingDir>.</buildCommandWorkingDir>
          <buildCommand>${MAKE} -f Makefile_test</buildCommand>
          <cleanCommand>${MAKE} -f Makefile clean</cleanCommand>
          <executablePath></executablePath>
        </makeTool>
        <preBuild>
          <preBuildCommandWorkingDir>.</preBuildCommandWorkingDir>
          <preBuildCommand></preBuildCommand>
        </preBuild>
      </makefileType>
      <item path="algorithms.c" ex="false" tool="0" flavor2="0">
        <cTool flags="0">
        </cTool>
      </item>
      <item path="algorithms.h" ex="false" tool="3" flavor2="0">
      </item>
      <folder path="0/graph">
        <cTool>
          <incDir>
            <pElem>.</pElem>
          </incDir>
        </cTool>
      </folder>
      <folder path="0/test">
        <cTool>
          <incDir>
            <pElem>.</pElem>
          </incDir>
        </cTool>
      </folder>
      <item path="graph/graph.c" ex="false" tool="0" flavor2="0">
        <cTool flags="0">
        </cTool>
      </item>
      <item path="graph/list.c" ex="false" tool="0" flavor2="0">
        <cTool flags="0">
        </cTool>
      </item>
      <item path="graph_parser.c" ex="false" tool="0" flavor2="2">
      </item>
      <item path="test/main_c.c" ex="false" tool="0" flavor2="2">
        <cTool flags="0">
        </cTool>
      </item>
    </conf>
  </confs>
</configurationDescriptor>
